Is Discounted,avg_profit_margin,total_orders
0,0.34016048353480616,4798
1,-0.08269295349651279,5196
